{"cameraMode":{"drawMode":0,"name":"Shaded","section":"Shading Mode"},"sceneLighting":false,"audioPlay":false,"sceneViewState":{"m_AlwaysRefresh":false,"showFog":true,"showSkybox":false,"showFlares":true,"showImageEffects":true,"showParticleSystems":true,"showVisualEffectGraphs":true,"m_FxEnabled":true},"in2DMode":false,"pivot":{"x":0.06393051147460938,"y":-0.06502103805541992,"z":0.11351680755615235},"rotation":{"x":0.030255798250436784,"y":0.8762698769569397,"z":-0.05521393194794655,"w":0.47779738903045657},"size":10.920249938964844,"orthographic":false}